Evelyn Bowman,28
Jonathan Rivera ,47
Bruce Dixon, 5
Catherine Fields , 46
Andrea Snyder,45
Susan Johnston ,82
Richard Green, 76
Eric Perez , 73
Carol Dixon,21
Frances Duncan ,87
Joe Carter, 33
Jimmy Andrews , 100
Charles Turner,30
Larry Bailey ,26
Nancy Holmes, 58
Keith Oliver , 57
Marilyn Washington ,47
Craig Berry, 10
Howard Jones , 16
Steve Harper,44
Benjamin Alexander,84
Anthony Vasquez ,21
Lisa Cole, 62
Diana Burton , 39
Sandra Hayes,28
Teresa Fox, 24
Ralph Gardner ,1
Angela Shaw , 57
Kathryn Alexander , 76
Katherine Martin,76
Rebecca Morgan ,49
Martin Lane,27
Charles Price, 7
Shawn Howell , 32
Gary Grant,8
Shirley Shaw ,78
Jessica Hicks, 70
Sean Olson , 44
Bonnie Mason,65
Fred Reid, 61
Craig Richards , 15
Albert Patterson ,10
Ronald Cooper,56
Antonio Cunningham,36
Michelle Jenkins,22
Victor Shaw,94
Pamela Wells, 60
Dennis Warren , 48
Gerald Bowman ,57
Terry Mccoy,72
Sandra Olson,85
Barbara Miller , 65
Carlos Tucker,28
Charles Stewart, 96
Louise Cole ,63
Frank Harrison,96
Kelly Hughes , 2
Denise Black, 45
Tammy Gordon ,6
Shawn Jenkins ,22
Judy Warren,73
Eric Harrison, 6
Alice Perkins , 67
Kimberly Riley , 33
Timothy Hunt,66
Diane Jones ,90
Julie Alvarez,53
Steven Johnson, 71
Stephanie Powell , 83
Craig Reid,97
Brenda Simpson, 2
Wayne Adams ,39
Deborah Crawford,13
Michelle Martinez , 21
Christopher Berry,16
Jimmy Wilson,44
Ashley Reynolds ,73
Jacqueline Mccoy, 75
Keith Jones , 13
Kelly Parker, 21
Joseph Peterson ,28
Lori Vasquez, 45
Justin Taylor,86
Kimberly Jordan ,1
Patrick Moreno , 25
Johnny Kelley , 78
Sarah Mitchell,68
Cheryl Washington ,32
Pamela Lewis,9
Ronald Sullivan,78
Billy Gutierrez ,77
Norma Torres ,70
Carolyn Marshall, 5
Deborah Medina,34
Carolyn Stephens , 64
Susan Wells,20
Stephanie Price , 69
Dennis Fuller,64
Theresa Griffin ,  7
Melissa Fields ,53
Ann Walker , 87
Jeffrey Edwards,11
Juan Graham, 42
Matthew Weaver,40
Henry Kelley , 12
Matthew Dixon, 58
Alice Garrett ,47
Lawrence Gray ,25
Craig Marshall,59
Benjamin Wheeler ,83
Christine Snyder, 39
Eric Day , 98
Kathryn Banks,93
Philip Adams,96
Debra Price , 70
Judith Lopez ,46
Beverly Ramos, 12
Joe Williamson , 8
Catherine Ferguson,83
Theresa Gilbert ,80
Carl Olson, 75
Julia Tucker , 11
Jean Moore ,45
Betty Mason, 53
Lillian Black,3
Steven Gonzalez , 27
Dorothy Sullivan,80
Bobby Cooper, 68
